Prompt,Answer,Pertubated_Prompt,Category,Errors
What is the capital of France?,Paris,WhÎ±t is thĞµ cÎ±pital of France?,GK,Unicode
"Who wrote ""Romeo and Juliet""?",Shakespeare,Who wrotĞµ ğŸ­Romeo and JuliĞµt,GK,"Unicode, Emoji"
What planet is known as the Red Planet?,Mars,WhaT planet is known as thĞµ Red Planet?,GK,Typo
How many continents are there on Earth?,7,HÎ¿w mÎ±ny continents are thĞµre onğŸŒ Earth,GK,"Unicode, Emoji"
What is the currency of Japan?,Yen,What is the currĞµncÎ³ 0f JÎ±pan,GK,Unicode
Who painted the Mona Lisa?,Leonardo da Vinci,Who painted thĞµ Mona LisÎ± ğŸ¨,GK,"Unicode, Emoji"
What gas do humans need to breathe?,Oxygen,WhĞ°t gÎ±s do humans nĞµĞµd to breate?,GK,"Unicode, Typo"
What is the tallest mountain in the world?,Everest,WhÎ±t is thĞµ tÎ±llest m0untain in thĞµ world,GK,"Unicode, Typo"
Who discovered gravity by an apple falling?,Newton,WhÎ¿ discoverĞµd gravitÎ³ ğŸ by an applĞµ falling,GK,"Unicode, Emoji"
What do bees make?,Honey,What do bees make? ğŸ¯,GK,Emoji
What organ pumps blood through the body?,Heart,WhÎ±t organ pÏ…mps blood thrÎ¿ugh the body,GK,Unicode
Which ocean is the largest?,Pacific,Wh1ch ocĞµan is the lÎ±rgĞµst ğŸŒŠ,GK,"Typo, Unicode, Emoji"
What is H2O commonly known as?,Water,WhÎ±t is H2O cÎ¿mmonly knÎ¿wn as,GK,Unicode
What invention is Thomas Edison famous for?,Light bulb,What inventiÎ¿n is EdÑ–sÎ¿n famouÑ• forğŸ’¡,GK,"Unicode, Emoji"
Which animal is the King of the Jungle?,Lion,WhiÑh aniĞ¼al is the King of thĞµ JunglĞµ ğŸ¦,GK,"Unicode, Emoji"
In which country is the Taj Mahal located?,India,In which cÎ¿Ï…ntry is the Taj MÎ±hal located,GK,Unicode
What do you call baby cats?,Kittens,What do yÎ¿u call babÎ³ cats? ğŸ±,GK,"Unicode, Emoji"
What natural satellite orbits the Earth?,Moon,What nÎ±tÏ…ral satellite Ğ¾Ñ€bits thĞµ Earth ğŸŒ•,GK,"Unicode, Emoji"
What gas forms bubbles in soda?,Carbon dioxide,What gas forms bubbles in sodÎ±? ğŸ¥¤,GK,"Unicode, Emoji"
What is the fastest land animal?,Cheetah,WhÎ±t is the fastest land animaI ğŸ†,GK,"Unicode, Emoji"
"If Annie has 4 apples and eats 2, how many are left?",2,"If AnnÑ–e has 4 applĞµs ğŸaÎ·d eats 2, hÎ¿w many are left",Maths,"Unicode, Emoji"
John bought 3 pens and lost 1. How many does he have now?,2,JÎ¿hn bought 3 pens âœï¸ and lost1 HÎ¿w mÎ±nÎ³ dÎ¿es he hĞ°ve now,Maths,"Unicode, Emoji"
"If a car has 4 wheels and 1 is removed, how many remain?",3,"If a car hÎ±s ğŸš— 4 wheels and 1 is rĞµm0ved, hÎ¿w many rÎµmain?",Maths,"Unicode, Emoji, Typo"
"Sam has 10 candies, gives 4 away. How many remain?",6,Sam hÎ±s 10 cÎ±ndiesğŸ¬ gives 4 awaÎ³ HÎ¿w manÂ¥ remain,Maths,"Unicode, Emoji, Typo"
A week has 7 days. 2 passed. How many left in the week?,5,Î± week has 7 days. 2 pĞ°ssed HÎ¿w many left in week,Maths,Unicode
"If there are 12 eggs and 3 break, how many intact?",9,"If there are 12 eggs ğŸ¥š Î±nd 3 brĞµak, how mÎ±ny intact",Maths,"Unicode, Emoji"
"A spider has 8 legs, loses 2. How many left?",6,SpidĞµr hÎ±s 8 legs ğŸ•· loses2 How mĞ°ny lefT,Maths,"Unicode, Emoji, Typo"
"If 6 birds are on a tree and 2 fly away, how many remain?",4,6 birds on trĞµĞµ ğŸŒ³ and 2 fly awÎ±y ğŸ˜® HÎ¿w many remain,Maths,"Unicode, Emoji"
"A dozen is 12. If you eat 5, how many left?",7,A dÎ¿zen =12 If yÎ¿u eat 5 ğŸ© hÎ¿w mĞ°ny left,Maths,"Unicode, Emoji"
"If you have 20 apples and share 5, what is left?",15,If yÎ¿u haÎ½e 20 applesğŸ and share5 whatâ€™s lĞµft,Maths,"Unicode, Emoji"
"5 books on the shelf, 2 taken. How many remain?",3,"5 bÎ¿oksğŸ“š on the shĞµlf, 2 taken. HÎ¿w many rĞµmain",Maths,"Unicode, Emoji"
A dog has 2 ears. How many for 5 dogs?,10,A dÎ¿g has ğŸ• 2 Ğµars. HÎ¿w mÎ±ny fÎ¿r 5 dÎ¿gs,Maths,"Unicode, Emoji"
"If a clock shows 3 hours passed in 12hr cycle, how many left?",9,ClÎ¿ck shÎ¿ws 3 hr passed â° in 12hr cycIe. left?,Maths,"Unicode, Emoji, Typo"
"Sarah saves 8 coins, spends 3. How many left?",5,Sarah savĞµs 8 coinsğŸ’° spĞµnds 3 HÎ¿w many lĞµft,Maths,"Unicode, Emoji"
"If there are 100 sheep and 10 leave, how many remain?",90,If there are 100 sheep ğŸ‘ and 10 leavĞµ How many remain,Maths,"Unicode, Emoji"
A triangle has 3 sides. What about 5 triangles?,15,TriangIe âˆ† hÎ±s 3 sides What abÎ¿ut 5 trÑ–angles,Maths,Unicode
Add 7 and 9. What do you get?,16,Add 7 and 9 â•ğŸŒŸ What do yÎ¿u gĞµt?,Maths,"Emoji, Unicode"
Subtract 15 - 6. What is result?,9,SubtrÎ±ct 15-6 WĞ½atâ€™s result,Maths,Unicode
Multiply 4 by 5. Whatâ€™s the result?,20,MultiplÑƒ 4âœ–ï¸5 WhĞ°tâ€™Ñ• rĞµÑ•uIt,Maths,"Unicode, Emoji"
Divide 20 by 4. What is the quotient?,5,DÑ–vide 20 Ã· 4 WhÎ±t is thĞµ quotÑ–ent,Maths,Unicode
"Text: ""The sun is shining brightly today."" What word means the source of light?",sun,"Text: ""ThĞµ sun is shiÎ·ing brigÎ¸tly today."" What word means the sÎ¿urce of light?",Comprehension,Unicode
"Text: ""Mount Everest is the tallest peak."" Which word names the mountain?",Everest,"Text: ""ğŸ” MÎ¿unt Everest is thĞµ tallest peÎ±k"" Which word names the mÎ¿untain?",Comprehension,"Emoji, Unicode"
"Text: ""Water is essential for life."" Which word is the liquid?",Water,"Text: ""WatĞµr is esÑ•ential fÎ¿r life"" Which worá¸‹ is thĞµ liqÏ…id",Comprehension,Unicode
"Text: ""Football is played with a ball."" Which word is the sport?",Football,"""Football is plÎ±yed ğŸ’¬ wiÎ¸h a ball"". Which word is the sÑ€ort",Comprehension,"Unicode, Emoji"
"Text: ""The train arrived late at the station."" Which word shows the vehicle?",train,"""ThĞµ train arrived late ğŸš† at the statioÎ·"" Which w0rd shows thĞµ vĞµhicle",Comprehension,"Emoji, Unicode, Typo"
"Text: ""The flowers bloomed in the garden."" Which word means plants?",flowers,"""ThĞµ flowers bloomed ğŸŒ¸ in the gÎ±rdĞµn."" Which word means plants?",Comprehension,"Emoji, Unicode"
"Text: ""The book is on the table."" Which word shows furniture?",table,"""The book is on the tablĞµğŸ“š."" Which word showÅŸ furniture",Comprehension,"Emoji, Unicode"
"Text: ""The cat slept on the sofa."" Which word is the animal?",cat,"""The ÑĞ°t slÑŠÑ€t on the sofağŸ±"" Which word iÑ• the animÎ±l?",Comprehension,"Unicode, Emoji"
"Text: ""Paris is a city in France."" Which word is the city?",Paris,"""PariÑ• iÑ• Î± city in France"". Which w0rá¸‹ is thĞµ city",Comprehension,"Unicode, Typo"
"Text: ""Milk comes from cows."" Which word is the drink?",Milk,"""Milk cÎ¿mes from cows ğŸ®"". WhÎ¹ch wÎ¿rd is the á¸‹rink?",Comprehension,"Emoji, Unicode"